[
 {
  "name": "Leanne Graham",
  "username": "Bret",
  "email": "Sincere@april.biz",
  "id": 1,
  "address": {
   "city": "Gwenborough",
   "geo": {
    "lat": "-37.3159",
    "lng": "81.1496"
   },
   "street": "Kulas Light",
   "suite": "Apt. 556",
   "zipcode": "92998-3874"
  }
 },
 {
  "name": "Ervin Howell",
  "username": "Antonette",
  "email": "Shanna@melissa.tv",
  "id": 2,
  "address": {
   "city": "Wisokyburgh",
   "geo": {
    "lat": "-43.9509",
    "lng": "-34.4618"
   },
   "street": "Victor Plains",
   "suite": "Suite 879",
   "zipcode": "90566-7771"
  }
 },
 {
  "name": "Clementine Bauch",
  "username": "Samantha",
  "email": "Nathan@yesenia.net",
  "id": 3,
  "address": {
   "city": "McKenziehaven",
   "geo": {
    "lat": "-68.6102",
    "lng": "-47.0653"
   },
   "street": "Douglas Extension",
   "suite": "Suite 847",
   "zipcode": "59590-4157"
  }
 },
 {
  "name": "Patricia Lebsack",
  "username": "Karianne",
  "email": "Julianne.OConner@kory.org",
  "id": 4,
  "address": {
   "city": "South Elvis",
   "geo": {
    "lat": "29.4572",
    "lng": "-164.2990"
   },
   "street": "Hoeger Mall",
   "suite": "Apt. 692",
   "zipcode": "53919-4257"
  }
 },
 {
  "name": "Chelsey Dietrich",
  "username": "Kamren",
  "email": "Lucio_Hettinger@annie.ca",
  "id": 5,
  "address": {
   "city": "Roscoeview",
   "geo": {
    "lat": "-31.8129",
    "lng": "62.5342"
   },
   "street": "Skiles Walks",
   "suite": "Suite 351",
   "zipcode": "33263"
  }
 },
 {
  "name": "Mrs. Dennis Schulist",
  "username": "Leopoldo_Corkery",
  "email": "Karley_Dach@jasper.info",
  "id": 6,
  "address": {
   "city": "South Christy",
   "geo": {
    "lat": "-71.4197",
    "lng": "71.7478"
   },
   "street": "Norberto Crossing",
   "suite": "Apt. 950",
   "zipcode": "23505-1337"
  }
 },
 {
  "name": "Kurtis Weissnat",
  "username": "Elwyn.Skiles",
  "email": "Telly.Hoeger@billy.biz",
  "id": 7,
  "address": {
   "city": "Howemouth",
   "geo": {
    "lat": "24.8918",
    "lng": "21.8984"
   },
   "street": "Rex Trail",
   "suite": "Suite 280",
   "zipcode": "58804-1099"
  }
 },
 {
  "name": "Nicholas Runolfsdottir V",
  "username": "Maxime_Nienow",
  "email": "Sherwood@rosamond.me",
  "id": 8,
  "address": {
   "city": "Aliyaview",
   "geo": {
    "lat": "-14.3990",
    "lng": "-120.7677"
   },
   "street": "Ellsworth Summit",
   "suite": "Suite 729",
   "zipcode": "45169"
  }
 },
 {
  "name": "Glenna Reichert",
  "username": "Delphine",
  "email": "Chaim_McDermott@dana.io",
  "id": 9,
  "address": {
   "city": "Bartholomebury",
   "geo": {
    "lat": "24.6463",
    "lng": "-168.8889"
   },
   "street": "Dayna Park",
   "suite": "Suite 449",
   "zipcode": "76495-3109"
  }
 },
 {
  "name": "Clementina DuBuque",
  "username": "Moriah.Stanton",
  "email": "Rey.Padberg@karina.biz",
  "id": 10,
  "address": {
   "city": "Lebsackbury",
   "geo": {
    "lat": "-38.2386",
    "lng": "57.2232"
   },
   "street": "Kattie Turnpike",
   "suite": "Suite 198",
   "zipcode": "31428-2261"
  }
 },
 {
  "name": "Leanne Graham",
  "username": "Bret",
  "email": "Sincere@april.biz",
  "id": 1,
  "address": {
   "city": "Gwenborough",
   "geo": {
    "lat": "-37.3159",
    "lng": "81.1496"
   },
   "street": "Kulas Light",
   "suite": "Apt. 556",
   "zipcode": "92998-3874"
  }
 },
 {
  "name": "Ervin Howell",
  "username": "Antonette",
  "email": "Shanna@melissa.tv",
  "id": 2,
  "address": {
   "city": "Wisokyburgh",
   "geo": {
    "lat": "-43.9509",
    "lng": "-34.4618"
   },
   "street": "Victor Plains",
   "suite": "Suite 879",
   "zipcode": "90566-7771"
  }
 },
 {
  "name": "Clementine Bauch",
  "username": "Samantha",
  "email": "Nathan@yesenia.net",
  "id": 3,
  "address": {
   "city": "McKenziehaven",
   "geo": {
    "lat": "-68.6102",
    "lng": "-47.0653"
   },
   "street": "Douglas Extension",
   "suite": "Suite 847",
   "zipcode": "59590-4157"
  }
 },
 {
  "name": "Patricia Lebsack",
  "username": "Karianne",
  "email": "Julianne.OConner@kory.org",
  "id": 4,
  "address": {
   "city": "South Elvis",
   "geo": {
    "lat": "29.4572",
    "lng": "-164.2990"
   },
   "street": "Hoeger Mall",
   "suite": "Apt. 692",
   "zipcode": "53919-4257"
  }
 },
 {
  "name": "Chelsey Dietrich",
  "username": "Kamren",
  "email": "Lucio_Hettinger@annie.ca",
  "id": 5,
  "address": {
   "city": "Roscoeview",
   "geo": {
    "lat": "-31.8129",
    "lng": "62.5342"
   },
   "street": "Skiles Walks",
   "suite": "Suite 351",
   "zipcode": "33263"
  }
 },
 {
  "name": "Mrs. Dennis Schulist",
  "username": "Leopoldo_Corkery",
  "email": "Karley_Dach@jasper.info",
  "id": 6,
  "address": {
   "city": "South Christy",
   "geo": {
    "lat": "-71.4197",
    "lng": "71.7478"
   },
   "street": "Norberto Crossing",
   "suite": "Apt. 950",
   "zipcode": "23505-1337"
  }
 },
 {
  "name": "Kurtis Weissnat",
  "username": "Elwyn.Skiles",
  "email": "Telly.Hoeger@billy.biz",
  "id": 7,
  "address": {
   "city": "Howemouth",
   "geo": {
    "lat": "24.8918",
    "lng": "21.8984"
   },
   "street": "Rex Trail",
   "suite": "Suite 280",
   "zipcode": "58804-1099"
  }
 },
 {
  "name": "Nicholas Runolfsdottir V",
  "username": "Maxime_Nienow",
  "email": "Sherwood@rosamond.me",
  "id": 8,
  "address": {
   "city": "Aliyaview",
   "geo": {
    "lat": "-14.3990",
    "lng": "-120.7677"
   },
   "street": "Ellsworth Summit",
   "suite": "Suite 729",
   "zipcode": "45169"
  }
 },
 {
  "name": "Glenna Reichert",
  "username": "Delphine",
  "email": "Chaim_McDermott@dana.io",
  "id": 9,
  "address": {
   "city": "Bartholomebury",
   "geo": {
    "lat": "24.6463",
    "lng": "-168.8889"
   },
   "street": "Dayna Park",
   "suite": "Suite 449",
   "zipcode": "76495-3109"
  }
 },
 {
  "name": "Clementina DuBuque",
  "username": "Moriah.Stanton",
  "email": "Rey.Padberg@karina.biz",
  "id": 10,
  "address": {
   "city": "Lebsackbury",
   "geo": {
    "lat": "-38.2386",
    "lng": "57.2232"
   },
   "street": "Kattie Turnpike",
   "suite": "Suite 198",
   "zipcode": "31428-2261"
  }
 },
 {
  "name": "Leanne Graham",
  "username": "Bret",
  "email": "Sincere@april.biz",
  "id": 1,
  "address": {
   "city": "Gwenborough",
   "geo": {
    "lat": "-37.3159",
    "lng": "81.1496"
   },
   "street": "Kulas Light",
   "suite": "Apt. 556",
   "zipcode": "92998-3874"
  }
 },
 {
  "name": "Ervin Howell",
  "username": "Antonette",
  "email": "Shanna@melissa.tv",
  "id": 2,
  "address": {
   "city": "Wisokyburgh",
   "geo": {
    "lat": "-43.9509",
    "lng": "-34.4618"
   },
   "street": "Victor Plains",
   "suite": "Suite 879",
   "zipcode": "90566-7771"
  }
 },
 {
  "name": "Clementine Bauch",
  "username": "Samantha",
  "email": "Nathan@yesenia.net",
  "id": 3,
  "address": {
   "city": "McKenziehaven",
   "geo": {
    "lat": "-68.6102",
    "lng": "-47.0653"
   },
   "street": "Douglas Extension",
   "suite": "Suite 847",
   "zipcode": "59590-4157"
  }
 },
 {
  "name": "Patricia Lebsack",
  "username": "Karianne",
  "email": "Julianne.OConner@kory.org",
  "id": 4,
  "address": {
   "city": "South Elvis",
   "geo": {
    "lat": "29.4572",
    "lng": "-164.2990"
   },
   "street": "Hoeger Mall",
   "suite": "Apt. 692",
   "zipcode": "53919-4257"
  }
 },
 {
  "name": "Chelsey Dietrich",
  "username": "Kamren",
  "email": "Lucio_Hettinger@annie.ca",
  "id": 5,
  "address": {
   "city": "Roscoeview",
   "geo": {
    "lat": "-31.8129",
    "lng": "62.5342"
   },
   "street": "Skiles Walks",
   "suite": "Suite 351",
   "zipcode": "33263"
  }
 },
 {
  "name": "Mrs. Dennis Schulist",
  "username": "Leopoldo_Corkery",
  "email": "Karley_Dach@jasper.info",
  "id": 6,
  "address": {
   "city": "South Christy",
   "geo": {
    "lat": "-71.4197",
    "lng": "71.7478"
   },
   "street": "Norberto Crossing",
   "suite": "Apt. 950",
   "zipcode": "23505-1337"
  }
 },
 {
  "name": "Kurtis Weissnat",
  "username": "Elwyn.Skiles",
  "email": "Telly.Hoeger@billy.biz",
  "id": 7,
  "address": {
   "city": "Howemouth",
   "geo": {
    "lat": "24.8918",
    "lng": "21.8984"
   },
   "street": "Rex Trail",
   "suite": "Suite 280",
   "zipcode": "58804-1099"
  }
 },
 {
  "name": "Nicholas Runolfsdottir V",
  "username": "Maxime_Nienow",
  "email": "Sherwood@rosamond.me",
  "id": 8,
  "address": {
   "city": "Aliyaview",
   "geo": {
    "lat": "-14.3990",
    "lng": "-120.7677"
   },
   "street": "Ellsworth Summit",
   "suite": "Suite 729",
   "zipcode": "45169"
  }
 },
 {
  "name": "Glenna Reichert",
  "username": "Delphine",
  "email": "Chaim_McDermott@dana.io",
  "id": 9,
  "address": {
   "city": "Bartholomebury",
   "geo": {
    "lat": "24.6463",
    "lng": "-168.8889"
   },
   "street": "Dayna Park",
   "suite": "Suite 449",
   "zipcode": "76495-3109"
  }
 },
 {
  "name": "Clementina DuBuque",
  "username": "Moriah.Stanton",
  "email": "Rey.Padberg@karina.biz",
  "id": 10,
  "address": {
   "city": "Lebsackbury",
   "geo": {
    "lat": "-38.2386",
    "lng": "57.2232"
   },
   "street": "Kattie Turnpike",
   "suite": "Suite 198",
   "zipcode": "31428-2261"
  }
 },
 {
  "name": "Leanne Graham",
  "username": "Bret",
  "email": "Sincere@april.biz",
  "id": 1,
  "address": {
   "city": "Gwenborough",
   "geo": {
    "lat": "-37.3159",
    "lng": "81.1496"
   },
   "street": "Kulas Light",
   "suite": "Apt. 556",
   "zipcode": "92998-3874"
  }
 },
 {
  "name": "Ervin Howell",
  "username": "Antonette",
  "email": "Shanna@melissa.tv",
  "id": 2,
  "address": {
   "city": "Wisokyburgh",
   "geo": {
    "lat": "-43.9509",
    "lng": "-34.4618"
   },
   "street": "Victor Plains",
   "suite": "Suite 879",
   "zipcode": "90566-7771"
  }
 },
 {
  "name": "Clementine Bauch",
  "username": "Samantha",
  "email": "Nathan@yesenia.net",
  "id": 3,
  "address": {
   "city": "McKenziehaven",
   "geo": {
    "lat": "-68.6102",
    "lng": "-47.0653"
   },
   "street": "Douglas Extension",
   "suite": "Suite 847",
   "zipcode": "59590-4157"
  }
 },
 {
  "name": "Patricia Lebsack",
  "username": "Karianne",
  "email": "Julianne.OConner@kory.org",
  "id": 4,
  "address": {
   "city": "South Elvis",
   "geo": {
    "lat": "29.4572",
    "lng": "-164.2990"
   },
   "street": "Hoeger Mall",
   "suite": "Apt. 692",
   "zipcode": "53919-4257"
  }
 },
 {
  "name": "Chelsey Dietrich",
  "username": "Kamren",
  "email": "Lucio_Hettinger@annie.ca",
  "id": 5,
  "address": {
   "city": "Roscoeview",
   "geo": {
    "lat": "-31.8129",
    "lng": "62.5342"
   },
   "street": "Skiles Walks",
   "suite": "Suite 351",
   "zipcode": "33263"
  }
 },
 {
  "name": "Mrs. Dennis Schulist",
  "username": "Leopoldo_Corkery",
  "email": "Karley_Dach@jasper.info",
  "id": 6,
  "address": {
   "city": "South Christy",
   "geo": {
    "lat": "-71.4197",
    "lng": "71.7478"
   },
   "street": "Norberto Crossing",
   "suite": "Apt. 950",
   "zipcode": "23505-1337"
  }
 },
 {
  "name": "Kurtis Weissnat",
  "username": "Elwyn.Skiles",
  "email": "Telly.Hoeger@billy.biz",
  "id": 7,
  "address": {
   "city": "Howemouth",
   "geo": {
    "lat": "24.8918",
    "lng": "21.8984"
   },
   "street": "Rex Trail",
   "suite": "Suite 280",
   "zipcode": "58804-1099"
  }
 },
 {
  "name": "Nicholas Runolfsdottir V",
  "username": "Maxime_Nienow",
  "email": "Sherwood@rosamond.me",
  "id": 8,
  "address": {
   "city": "Aliyaview",
   "geo": {
    "lat": "-14.3990",
    "lng": "-120.7677"
   },
   "street": "Ellsworth Summit",
   "suite": "Suite 729",
   "zipcode": "45169"
  }
 },
 {
  "name": "Glenna Reichert",
  "username": "Delphine",
  "email": "Chaim_McDermott@dana.io",
  "id": 9,
  "address": {
   "city": "Bartholomebury",
   "geo": {
    "lat": "24.6463",
    "lng": "-168.8889"
   },
   "street": "Dayna Park",
   "suite": "Suite 449",
   "zipcode": "76495-3109"
  }
 },
 {
  "name": "Clementina DuBuque",
  "username": "Moriah.Stanton",
  "email": "Rey.Padberg@karina.biz",
  "id": 10,
  "address": {
   "city": "Lebsackbury",
   "geo": {
    "lat": "-38.2386",
    "lng": "57.2232"
   },
   "street": "Kattie Turnpike",
   "suite": "Suite 198",
   "zipcode": "31428-2261"
  }
 },
 {
  "name": "Leanne Graham",
  "username": "Bret",
  "email": "Sincere@april.biz",
  "id": 1,
  "address": {
   "city": "Gwenborough",
   "geo": {
    "lat": "-37.3159",
    "lng": "81.1496"
   },
   "street": "Kulas Light",
   "suite": "Apt. 556",
   "zipcode": "92998-3874"
  }
 },
 {
  "name": "Ervin Howell",
  "username": "Antonette",
  "email": "Shanna@melissa.tv",
  "id": 2,
  "address": {
   "city": "Wisokyburgh",
   "geo": {
    "lat": "-43.9509",
    "lng": "-34.4618"
   },
   "street": "Victor Plains",
   "suite": "Suite 879",
   "zipcode": "90566-7771"
  }
 },
 {
  "name": "Clementine Bauch",
  "username": "Samantha",
  "email": "Nathan@yesenia.net",
  "id": 3,
  "address": {
   "city": "McKenziehaven",
   "geo": {
    "lat": "-68.6102",
    "lng": "-47.0653"
   },
   "street": "Douglas Extension",
   "suite": "Suite 847",
   "zipcode": "59590-4157"
  }
 },
 {
  "name": "Patricia Lebsack",
  "username": "Karianne",
  "email": "Julianne.OConner@kory.org",
  "id": 4,
  "address": {
   "city": "South Elvis",
   "geo": {
    "lat": "29.4572",
    "lng": "-164.2990"
   },
   "street": "Hoeger Mall",
   "suite": "Apt. 692",
   "zipcode": "53919-4257"
  }
 },
 {
  "name": "Chelsey Dietrich",
  "username": "Kamren",
  "email": "Lucio_Hettinger@annie.ca",
  "id": 5,
  "address": {
   "city": "Roscoeview",
   "geo": {
    "lat": "-31.8129",
    "lng": "62.5342"
   },
   "street": "Skiles Walks",
   "suite": "Suite 351",
   "zipcode": "33263"
  }
 },
 {
  "name": "Mrs. Dennis Schulist",
  "username": "Leopoldo_Corkery",
  "email": "Karley_Dach@jasper.info",
  "id": 6,
  "address": {
   "city": "South Christy",
   "geo": {
    "lat": "-71.4197",
    "lng": "71.7478"
   },
   "street": "Norberto Crossing",
   "suite": "Apt. 950",
   "zipcode": "23505-1337"
  }
 },
 {
  "name": "Kurtis Weissnat",
  "username": "Elwyn.Skiles",
  "email": "Telly.Hoeger@billy.biz",
  "id": 7,
  "address": {
   "city": "Howemouth",
   "geo": {
    "lat": "24.8918",
    "lng": "21.8984"
   },
   "street": "Rex Trail",
   "suite": "Suite 280",
   "zipcode": "58804-1099"
  }
 },
 {
  "name": "Nicholas Runolfsdottir V",
  "username": "Maxime_Nienow",
  "email": "Sherwood@rosamond.me",
  "id": 8,
  "address": {
   "city": "Aliyaview",
   "geo": {
    "lat": "-14.3990",
    "lng": "-120.7677"
   },
   "street": "Ellsworth Summit",
   "suite": "Suite 729",
   "zipcode": "45169"
  }
 },
 {
  "name": "Glenna Reichert",
  "username": "Delphine",
  "email": "Chaim_McDermott@dana.io",
  "id": 9,
  "address": {
   "city": "Bartholomebury",
   "geo": {
    "lat": "24.6463",
    "lng": "-168.8889"
   },
   "street": "Dayna Park",
   "suite": "Suite 449",
   "zipcode": "76495-3109"
  }
 },
 {
  "name": "Clementina DuBuque",
  "username": "Moriah.Stanton",
  "email": "Rey.Padberg@karina.biz",
  "id": 10,
  "address": {
   "city": "Lebsackbury",
   "geo": {
    "lat": "-38.2386",
    "lng": "57.2232"
   },
   "street": "Kattie Turnpike",
   "suite": "Suite 198",
   "zipcode": "31428-2261"
  }
 },
 {
  "name": "Leanne Graham",
  "username": "Bret",
  "email": "Sincere@april.biz",
  "id": 1,
  "address": {
   "city": "Gwenborough",
   "geo": {
    "lat": "-37.3159",
    "lng": "81.1496"
   },
   "street": "Kulas Light",
   "suite": "Apt. 556",
   "zipcode": "92998-3874"
  }
 },
 {
  "name": "Ervin Howell",
  "username": "Antonette",
  "email": "Shanna@melissa.tv",
  "id": 2,
  "address": {
   "city": "Wisokyburgh",
   "geo": {
    "lat": "-43.9509",
    "lng": "-34.4618"
   },
   "street": "Victor Plains",
   "suite": "Suite 879",
   "zipcode": "90566-7771"
  }
 },
 {
  "name": "Clementine Bauch",
  "username": "Samantha",
  "email": "Nathan@yesenia.net",
  "id": 3,
  "address": {
   "city": "McKenziehaven",
   "geo": {
    "lat": "-68.6102",
    "lng": "-47.0653"
   },
   "street": "Douglas Extension",
   "suite": "Suite 847",
   "zipcode": "59590-4157"
  }
 },
 {
  "name": "Patricia Lebsack",
  "username": "Karianne",
  "email": "Julianne.OConner@kory.org",
  "id": 4,
  "address": {
   "city": "South Elvis",
   "geo": {
    "lat": "29.4572",
    "lng": "-164.2990"
   },
   "street": "Hoeger Mall",
   "suite": "Apt. 692",
   "zipcode": "53919-4257"
  }
 },
 {
  "name": "Chelsey Dietrich",
  "username": "Kamren",
  "email": "Lucio_Hettinger@annie.ca",
  "id": 5,
  "address": {
   "city": "Roscoeview",
   "geo": {
    "lat": "-31.8129",
    "lng": "62.5342"
   },
   "street": "Skiles Walks",
   "suite": "Suite 351",
   "zipcode": "33263"
  }
 },
 {
  "name": "Mrs. Dennis Schulist",
  "username": "Leopoldo_Corkery",
  "email": "Karley_Dach@jasper.info",
  "id": 6,
  "address": {
   "city": "South Christy",
   "geo": {
    "lat": "-71.4197",
    "lng": "71.7478"
   },
   "street": "Norberto Crossing",
   "suite": "Apt. 950",
   "zipcode": "23505-1337"
  }
 },
 {
  "name": "Kurtis Weissnat",
  "username": "Elwyn.Skiles",
  "email": "Telly.Hoeger@billy.biz",
  "id": 7,
  "address": {
   "city": "Howemouth",
   "geo": {
    "lat": "24.8918",
    "lng": "21.8984"
   },
   "street": "Rex Trail",
   "suite": "Suite 280",
   "zipcode": "58804-1099"
  }
 },
 {
  "name": "Nicholas Runolfsdottir V",
  "username": "Maxime_Nienow",
  "email": "Sherwood@rosamond.me",
  "id": 8,
  "address": {
   "city": "Aliyaview",
   "geo": {
    "lat": "-14.3990",
    "lng": "-120.7677"
   },
   "street": "Ellsworth Summit",
   "suite": "Suite 729",
   "zipcode": "45169"
  }
 },
 {
  "name": "Glenna Reichert",
  "username": "Delphine",
  "email": "Chaim_McDermott@dana.io",
  "id": 9,
  "address": {
   "city": "Bartholomebury",
   "geo": {
    "lat": "24.6463",
    "lng": "-168.8889"
   },
   "street": "Dayna Park",
   "suite": "Suite 449",
   "zipcode": "76495-3109"
  }
 },
 {
  "name": "Clementina DuBuque",
  "username": "Moriah.Stanton",
  "email": "Rey.Padberg@karina.biz",
  "id": 10,
  "address": {
   "city": "Lebsackbury",
   "geo": {
    "lat": "-38.2386",
    "lng": "57.2232"
   },
   "street": "Kattie Turnpike",
   "suite": "Suite 198",
   "zipcode": "31428-2261"
  }
 },
 {
  "name": "Leanne Graham",
  "username": "Bret",
  "email": "Sincere@april.biz",
  "id": 1,
  "address": {
   "city": "Gwenborough",
   "geo": {
    "lat": "-37.3159",
    "lng": "81.1496"
   },
   "street": "Kulas Light",
   "suite": "Apt. 556",
   "zipcode": "92998-3874"
  }
 },
 {
  "name": "Ervin Howell",
  "username": "Antonette",
  "email": "Shanna@melissa.tv",
  "id": 2,
  "address": {
   "city": "Wisokyburgh",
   "geo": {
    "lat": "-43.9509",
    "lng": "-34.4618"
   },
   "street": "Victor Plains",
   "suite": "Suite 879",
   "zipcode": "90566-7771"
  }
 },
 {
  "name": "Clementine Bauch",
  "username": "Samantha",
  "email": "Nathan@yesenia.net",
  "id": 3,
  "address": {
   "city": "McKenziehaven",
   "geo": {
    "lat": "-68.6102",
    "lng": "-47.0653"
   },
   "street": "Douglas Extension",
   "suite": "Suite 847",
   "zipcode": "59590-4157"
  }
 },
 {
  "name": "Patricia Lebsack",
  "username": "Karianne",
  "email": "Julianne.OConner@kory.org",
  "id": 4,
  "address": {
   "city": "South Elvis",
   "geo": {
    "lat": "29.4572",
    "lng": "-164.2990"
   },
   "street": "Hoeger Mall",
   "suite": "Apt. 692",
   "zipcode": "53919-4257"
  }
 },
 {
  "name": "Chelsey Dietrich",
  "username": "Kamren",
  "email": "Lucio_Hettinger@annie.ca",
  "id": 5,
  "address": {
   "city": "Roscoeview",
   "geo": {
    "lat": "-31.8129",
    "lng": "62.5342"
   },
   "street": "Skiles Walks",
   "suite": "Suite 351",
   "zipcode": "33263"
  }
 },
 {
  "name": "Mrs. Dennis Schulist",
  "username": "Leopoldo_Corkery",
  "email": "Karley_Dach@jasper.info",
  "id": 6,
  "address": {
   "city": "South Christy",
   "geo": {
    "lat": "-71.4197",
    "lng": "71.7478"
   },
   "street": "Norberto Crossing",
   "suite": "Apt. 950",
   "zipcode": "23505-1337"
  }
 },
 {
  "name": "Kurtis Weissnat",
  "username": "Elwyn.Skiles",
  "email": "Telly.Hoeger@billy.biz",
  "id": 7,
  "address": {
   "city": "Howemouth",
   "geo": {
    "lat": "24.8918",
    "lng": "21.8984"
   },
   "street": "Rex Trail",
   "suite": "Suite 280",
   "zipcode": "58804-1099"
  }
 },
 {
  "name": "Nicholas Runolfsdottir V",
  "username": "Maxime_Nienow",
  "email": "Sherwood@rosamond.me",
  "id": 8,
  "address": {
   "city": "Aliyaview",
   "geo": {
    "lat": "-14.3990",
    "lng": "-120.7677"
   },
   "street": "Ellsworth Summit",
   "suite": "Suite 729",
   "zipcode": "45169"
  }
 },
 {
  "name": "Glenna Reichert",
  "username": "Delphine",
  "email": "Chaim_McDermott@dana.io",
  "id": 9,
  "address": {
   "city": "Bartholomebury",
   "geo": {
    "lat": "24.6463",
    "lng": "-168.8889"
   },
   "street": "Dayna Park",
   "suite": "Suite 449",
   "zipcode": "76495-3109"
  }
 },
 {
  "name": "Clementina DuBuque",
  "username": "Moriah.Stanton",
  "email": "Rey.Padberg@karina.biz",
  "id": 10,
  "address": {
   "city": "Lebsackbury",
   "geo": {
    "lat": "-38.2386",
    "lng": "57.2232"
   },
   "street": "Kattie Turnpike",
   "suite": "Suite 198",
   "zipcode": "31428-2261"
  }
 },
 {
  "name": "Leanne Graham",
  "username": "Bret",
  "email": "Sincere@april.biz",
  "id": 1,
  "address": {
   "city": "Gwenborough",
   "geo": {
    "lat": "-37.3159",
    "lng": "81.1496"
   },
   "street": "Kulas Light",
   "suite": "Apt. 556",
   "zipcode": "92998-3874"
  }
 },
 {
  "name": "Ervin Howell",
  "username": "Antonette",
  "email": "Shanna@melissa.tv",
  "id": 2,
  "address": {
   "city": "Wisokyburgh",
   "geo": {
    "lat": "-43.9509",
    "lng": "-34.4618"
   },
   "street": "Victor Plains",
   "suite": "Suite 879",
   "zipcode": "90566-7771"
  }
 },
 {
  "name": "Clementine Bauch",
  "username": "Samantha",
  "email": "Nathan@yesenia.net",
  "id": 3,
  "address": {
   "city": "McKenziehaven",
   "geo": {
    "lat": "-68.6102",
    "lng": "-47.0653"
   },
   "street": "Douglas Extension",
   "suite": "Suite 847",
   "zipcode": "59590-4157"
  }
 },
 {
  "name": "Patricia Lebsack",
  "username": "Karianne",
  "email": "Julianne.OConner@kory.org",
  "id": 4,
  "address": {
   "city": "South Elvis",
   "geo": {
    "lat": "29.4572",
    "lng": "-164.2990"
   },
   "street": "Hoeger Mall",
   "suite": "Apt. 692",
   "zipcode": "53919-4257"
  }
 },
 {
  "name": "Chelsey Dietrich",
  "username": "Kamren",
  "email": "Lucio_Hettinger@annie.ca",
  "id": 5,
  "address": {
   "city": "Roscoeview",
   "geo": {
    "lat": "-31.8129",
    "lng": "62.5342"
   },
   "street": "Skiles Walks",
   "suite": "Suite 351",
   "zipcode": "33263"
  }
 },
 {
  "name": "Mrs. Dennis Schulist",
  "username": "Leopoldo_Corkery",
  "email": "Karley_Dach@jasper.info",
  "id": 6,
  "address": {
   "city": "South Christy",
   "geo": {
    "lat": "-71.4197",
    "lng": "71.7478"
   },
   "street": "Norberto Crossing",
   "suite": "Apt. 950",
   "zipcode": "23505-1337"
  }
 },
 {
  "name": "Kurtis Weissnat",
  "username": "Elwyn.Skiles",
  "email": "Telly.Hoeger@billy.biz",
  "id": 7,
  "address": {
   "city": "Howemouth",
   "geo": {
    "lat": "24.8918",
    "lng": "21.8984"
   },
   "street": "Rex Trail",
   "suite": "Suite 280",
   "zipcode": "58804-1099"
  }
 },
 {
  "name": "Nicholas Runolfsdottir V",
  "username": "Maxime_Nienow",
  "email": "Sherwood@rosamond.me",
  "id": 8,
  "address": {
   "city": "Aliyaview",
   "geo": {
    "lat": "-14.3990",
    "lng": "-120.7677"
   },
   "street": "Ellsworth Summit",
   "suite": "Suite 729",
   "zipcode": "45169"
  }
 },
 {
  "name": "Glenna Reichert",
  "username": "Delphine",
  "email": "Chaim_McDermott@dana.io",
  "id": 9,
  "address": {
   "city": "Bartholomebury",
   "geo": {
    "lat": "24.6463",
    "lng": "-168.8889"
   },
   "street": "Dayna Park",
   "suite": "Suite 449",
   "zipcode": "76495-3109"
  }
 },
 {
  "name": "Clementina DuBuque",
  "username": "Moriah.Stanton",
  "email": "Rey.Padberg@karina.biz",
  "id": 10,
  "address": {
   "city": "Lebsackbury",
   "geo": {
    "lat": "-38.2386",
    "lng": "57.2232"
   },
   "street": "Kattie Turnpike",
   "suite": "Suite 198",
   "zipcode": "31428-2261"
  }
 },
 {
  "name": "Leanne Graham",
  "username": "Bret",
  "email": "Sincere@april.biz",
  "id": 1,
  "address": {
   "city": "Gwenborough",
   "geo": {
    "lat": "-37.3159",
    "lng": "81.1496"
   },
   "street": "Kulas Light",
   "suite": "Apt. 556",
   "zipcode": "92998-3874"
  }
 },
 {
  "name": "Ervin Howell",
  "username": "Antonette",
  "email": "Shanna@melissa.tv",
  "id": 2,
  "address": {
   "city": "Wisokyburgh",
   "geo": {
    "lat": "-43.9509",
    "lng": "-34.4618"
   },
   "street": "Victor Plains",
   "suite": "Suite 879",
   "zipcode": "90566-7771"
  }
 },
 {
  "name": "Clementine Bauch",
  "username": "Samantha",
  "email": "Nathan@yesenia.net",
  "id": 3,
  "address": {
   "city": "McKenziehaven",
   "geo": {
    "lat": "-68.6102",
    "lng": "-47.0653"
   },
   "street": "Douglas Extension",
   "suite": "Suite 847",
   "zipcode": "59590-4157"
  }
 },
 {
  "name": "Patricia Lebsack",
  "username": "Karianne",
  "email": "Julianne.OConner@kory.org",
  "id": 4,
  "address": {
   "city": "South Elvis",
   "geo": {
    "lat": "29.4572",
    "lng": "-164.2990"
   },
   "street": "Hoeger Mall",
   "suite": "Apt. 692",
   "zipcode": "53919-4257"
  }
 },
 {
  "name": "Chelsey Dietrich",
  "username": "Kamren",
  "email": "Lucio_Hettinger@annie.ca",
  "id": 5,
  "address": {
   "city": "Roscoeview",
   "geo": {
    "lat": "-31.8129",
    "lng": "62.5342"
   },
   "street": "Skiles Walks",
   "suite": "Suite 351",
   "zipcode": "33263"
  }
 },
 {
  "name": "Mrs. Dennis Schulist",
  "username": "Leopoldo_Corkery",
  "email": "Karley_Dach@jasper.info",
  "id": 6,
  "address": {
   "city": "South Christy",
   "geo": {
    "lat": "-71.4197",
    "lng": "71.7478"
   },
   "street": "Norberto Crossing",
   "suite": "Apt. 950",
   "zipcode": "23505-1337"
  }
 },
 {
  "name": "Kurtis Weissnat",
  "username": "Elwyn.Skiles",
  "email": "Telly.Hoeger@billy.biz",
  "id": 7,
  "address": {
   "city": "Howemouth",
   "geo": {
    "lat": "24.8918",
    "lng": "21.8984"
   },
   "street": "Rex Trail",
   "suite": "Suite 280",
   "zipcode": "58804-1099"
  }
 },
 {
  "name": "Nicholas Runolfsdottir V",
  "username": "Maxime_Nienow",
  "email": "Sherwood@rosamond.me",
  "id": 8,
  "address": {
   "city": "Aliyaview",
   "geo": {
    "lat": "-14.3990",
    "lng": "-120.7677"
   },
   "street": "Ellsworth Summit",
   "suite": "Suite 729",
   "zipcode": "45169"
  }
 },
 {
  "name": "Glenna Reichert",
  "username": "Delphine",
  "email": "Chaim_McDermott@dana.io",
  "id": 9,
  "address": {
   "city": "Bartholomebury",
   "geo": {
    "lat": "24.6463",
    "lng": "-168.8889"
   },
   "street": "Dayna Park",
   "suite": "Suite 449",
   "zipcode": "76495-3109"
  }
 },
 {
  "name": "Clementina DuBuque",
  "username": "Moriah.Stanton",
  "email": "Rey.Padberg@karina.biz",
  "id": 10,
  "address": {
   "city": "Lebsackbury",
   "geo": {
    "lat": "-38.2386",
    "lng": "57.2232"
   },
   "street": "Kattie Turnpike",
   "suite": "Suite 198",
   "zipcode": "31428-2261"
  }
 },
 {
  "name": "Leanne Graham",
  "username": "Bret",
  "email": "Sincere@april.biz",
  "id": 1,
  "address": {
   "city": "Gwenborough",
   "geo": {
    "lat": "-37.3159",
    "lng": "81.1496"
   },
   "street": "Kulas Light",
   "suite": "Apt. 556",
   "zipcode": "92998-3874"
  }
 },
 {
  "name": "Ervin Howell",
  "username": "Antonette",
  "email": "Shanna@melissa.tv",
  "id": 2,
  "address": {
   "city": "Wisokyburgh",
   "geo": {
    "lat": "-43.9509",
    "lng": "-34.4618"
   },
   "street": "Victor Plains",
   "suite": "Suite 879",
   "zipcode": "90566-7771"
  }
 },
 {
  "name": "Clementine Bauch",
  "username": "Samantha",
  "email": "Nathan@yesenia.net",
  "id": 3,
  "address": {
   "city": "McKenziehaven",
   "geo": {
    "lat": "-68.6102",
    "lng": "-47.0653"
   },
   "street": "Douglas Extension",
   "suite": "Suite 847",
   "zipcode": "59590-4157"
  }
 },
 {
  "name": "Patricia Lebsack",
  "username": "Karianne",
  "email": "Julianne.OConner@kory.org",
  "id": 4,
  "address": {
   "city": "South Elvis",
   "geo": {
    "lat": "29.4572",
    "lng": "-164.2990"
   },
   "street": "Hoeger Mall",
   "suite": "Apt. 692",
   "zipcode": "53919-4257"
  }
 },
 {
  "name": "Chelsey Dietrich",
  "username": "Kamren",
  "email": "Lucio_Hettinger@annie.ca",
  "id": 5,
  "address": {
   "city": "Roscoeview",
   "geo": {
    "lat": "-31.8129",
    "lng": "62.5342"
   },
   "street": "Skiles Walks",
   "suite": "Suite 351",
   "zipcode": "33263"
  }
 },
 {
  "name": "Mrs. Dennis Schulist",
  "username": "Leopoldo_Corkery",
  "email": "Karley_Dach@jasper.info",
  "id": 6,
  "address": {
   "city": "South Christy",
   "geo": {
    "lat": "-71.4197",
    "lng": "71.7478"
   },
   "street": "Norberto Crossing",
   "suite": "Apt. 950",
   "zipcode": "23505-1337"
  }
 },
 {
  "name": "Kurtis Weissnat",
  "username": "Elwyn.Skiles",
  "email": "Telly.Hoeger@billy.biz",
  "id": 7,
  "address": {
   "city": "Howemouth",
   "geo": {
    "lat": "24.8918",
    "lng": "21.8984"
   },
   "street": "Rex Trail",
   "suite": "Suite 280",
   "zipcode": "58804-1099"
  }
 },
 {
  "name": "Nicholas Runolfsdottir V",
  "username": "Maxime_Nienow",
  "email": "Sherwood@rosamond.me",
  "id": 8,
  "address": {
   "city": "Aliyaview",
   "geo": {
    "lat": "-14.3990",
    "lng": "-120.7677"
   },
   "street": "Ellsworth Summit",
   "suite": "Suite 729",
   "zipcode": "45169"
  }
 },
 {
  "name": "Glenna Reichert",
  "username": "Delphine",
  "email": "Chaim_McDermott@dana.io",
  "id": 9,
  "address": {
   "city": "Bartholomebury",
   "geo": {
    "lat": "24.6463",
    "lng": "-168.8889"
   },
   "street": "Dayna Park",
   "suite": "Suite 449",
   "zipcode": "76495-3109"
  }
 },
 {
  "name": "Clementina DuBuque",
  "username": "Moriah.Stanton",
  "email": "Rey.Padberg@karina.biz",
  "id": 10,
  "address": {
   "city": "Lebsackbury",
   "geo": {
    "lat": "-38.2386",
    "lng": "57.2232"
   },
   "street": "Kattie Turnpike",
   "suite": "Suite 198",
   "zipcode": "31428-2261"
  }
 }
]